contributors,coordinates,created_at,display_text_range.0,display_text_range.1,favorite_count,favorited,full_text,geo,id,id_str,in_reply_to_screen_name,in_reply_to_status_id,in_reply_to_status_id_str,in_reply_to_user_id,in_reply_to_user_id_str,is_quote_status,lang,metadata.iso_language_code,metadata.result_type,place,possibly_sensitive,retweet_count,retweeted,retweeted_status.contributors,retweeted_status.coordinates,retweeted_status.created_at,retweeted_status.display_text_range.0,retweeted_status.display_text_range.1,retweeted_status.favorite_count,retweeted_status.favorited,retweeted_status.full_text,retweeted_status.geo,retweeted_status.id,retweeted_status.id_str,retweeted_status.in_reply_to_screen_name,retweeted_status.in_reply_to_status_id,retweeted_status.in_reply_to_status_id_str,retweeted_status.in_reply_to_user_id,retweeted_status.in_reply_to_user_id_str,retweeted_status.is_quote_status,retweeted_status.lang,retweeted_status.metadata.iso_language_code,retweeted_status.metadata.result_type,retweeted_status.place,retweeted_status.possibly_sensitive,retweeted_status.retweet_count,retweeted_status.retweeted,retweeted_status.source,retweeted_status.truncated,retweeted_status.user.contributors_enabled,retweeted_status.user.created_at,retweeted_status.user.default_profile,retweeted_status.user.default_profile_image,retweeted_status.user.description,retweeted_status.user.entities.url.urls.0.display_url,retweeted_status.user.entities.url.urls.0.expanded_url,retweeted_status.user.entities.url.urls.0.indices.0,retweeted_status.user.entities.url.urls.0.indices.1,retweeted_status.user.entities.url.urls.0.url,retweeted_status.user.favourites_count,retweeted_status.user.follow_request_sent,retweeted_status.user.followers_count,retweeted_status.user.following,retweeted_status.user.friends_count,retweeted_status.user.geo_enabled,retweeted_status.user.has_extended_profile,retweeted_status.user.id,retweeted_status.user.id_str,retweeted_status.user.is_translation_enabled,retweeted_status.user.is_translator,retweeted_status.user.lang,retweeted_status.user.listed_count,retweeted_status.user.location,retweeted_status.user.name,retweeted_status.user.notifications,retweeted_status.user.profile_background_color,retweeted_status.user.profile_background_image_url,retweeted_status.user.profile_background_image_url_https,retweeted_status.user.profile_background_tile,retweeted_status.user.profile_banner_url,retweeted_status.user.profile_image_url,retweeted_status.user.profile_image_url_https,retweeted_status.user.profile_link_color,retweeted_status.user.profile_sidebar_border_color,retweeted_status.user.profile_sidebar_fill_color,retweeted_status.user.profile_text_color,retweeted_status.user.profile_use_background_image,retweeted_status.user.protected,retweeted_status.user.screen_name,retweeted_status.user.statuses_count,retweeted_status.user.time_zone,retweeted_status.user.translator_type,retweeted_status.user.url,retweeted_status.user.utc_offset,retweeted_status.user.verified,source,truncated,user.contributors_enabled,user.created_at,user.default_profile,user.default_profile_image,user.description,user.entities.description.urls.0.display_url,user.entities.description.urls.0.expanded_url,user.entities.description.urls.0.indices.0,user.entities.description.urls.0.indices.1,user.entities.description.urls.0.url,user.entities.url.urls.0.display_url,user.entities.url.urls.0.expanded_url,user.entities.url.urls.0.indices.0,user.entities.url.urls.0.indices.1,user.entities.url.urls.0.url,user.favourites_count,user.follow_request_sent,user.followers_count,user.following,user.friends_count,user.geo_enabled,user.has_extended_profile,user.id,user.id_str,user.is_translation_enabled,user.is_translator,user.lang,user.listed_count,user.location,user.name,user.notifications,user.profile_background_color,user.profile_background_image_url,user.profile_background_image_url_https,user.profile_background_tile,user.profile_banner_url,user.profile_image_url,user.profile_image_url_https,user.profile_link_color,user.profile_sidebar_border_color,user.profile_sidebar_fill_color,user.profile_text_color,user.profile_use_background_image,user.protected,user.screen_name,user.statuses_count,user.time_zone,user.translator_type,user.url,user.utc_offset,user.verified
,,Mon Sep 16 15:50:26 +0000 2019,,144,,,RT @RestaurantsCA: Join the 'Understanding #PlantBased Eating in the Canadian #Foodservice Market' #webinar w/ @GoodFoodInst &amp; @UnileverFS_‚Ä¶,,1173625195778772992,1173625195778772992,,,,,,,en,en,recent,,,1,,,,Mon Sep 16 15:42:01 +0000 2019,,288,,,Join the 'Understanding #PlantBased Eating in the Canadian #Foodservice Market' #webinar w/ @GoodFoodInst &amp; @UnileverFS_NA. Gain insight into how you can incorporate #plantbasedfoods &amp; understand what global #macrotrends are driving the movement. Register: https://t.co/geX7yLsZlC,,1173623078179540992,1173623078179540992,,,,,,,en,en,recent,,,1,,"<a href=""https://sproutsocial.com"" rel=""nofollow"">Sprout Social</a>",,,Thu Aug 19 21:02:05 +0000 2010,,,Restaurants Canada (formerly CRFA) is advancing the potential of the foodservice community. Our industry employs 1.2 million people and serves 22 million daily!,restaurantscanada.org,http://restaurantscanada.org,,22,http://t.co/kUwrButteL,11507,,10763,,3665,True,True,180522017,180522017,,,,381,Canada,Restaurants Canada,,404C57,http://abs.twimg.com/images/themes/theme1/bg.png,https://abs.twimg.com/images/themes/theme1/bg.png,,https://pbs.twimg.com/profile_banners/180522017/1440705551,http://pbs.twimg.com/profile_images/1146052590460964864/ghv4XFeu_normal.png,https://pbs.twimg.com/profile_images/1146052590460964864/ghv4XFeu_normal.png,EE3426,C0DEED,DDEEF6,333333,,,RestaurantsCA,24625,,none,http://t.co/kUwrButteL,,True,"<a href=""http://discussionexpress.com"" rel=""nofollow"">Targeted Learning</a>",,,Thu May 06 23:33:58 +0000 2010,,,"""My grandmothers' ingenuity overcame gender discrimination and economic exploitation in a hostile society to prove their genius."" #earthsoldierbook
E.S.C.S",,,,,,earthsoldier.org,https://earthsoldier.org,,23,https://t.co/ilzZSeCYWQ,3439,,2141,,923,,,141009810,141009810,,,,25,NJ,Earth Soldier Common Sense Lifestyle,,C0DEED,http://abs.twimg.com/images/themes/theme1/bg.png,https://abs.twimg.com/images/themes/theme1/bg.png,True,https://pbs.twimg.com/profile_banners/141009810/1518625892,http://pbs.twimg.com/profile_images/979327429817913344/-HoLoyzn_normal.jpg,https://pbs.twimg.com/profile_images/979327429817913344/-HoLoyzn_normal.jpg,1B95E0,C0DEED,DDEEF6,333333,,,imagine_garden,80690,,none,https://t.co/ilzZSeCYWQ,,
,,Mon Sep 16 15:50:01 +0000 2019,,140,,,"RT @uwstout: Pranabendu Mitra, food science assistant professor, will be speaking on @WPR tomorrow morning at 6:30a to speak about #PlantBa‚Ä¶",,1173625091906781184,1173625091906781184,,,,,,,en,en,recent,,,1,,,,Mon Sep 16 15:30:34 +0000 2019,,268,1,,"Pranabendu Mitra, food science assistant professor, will be speaking on @WPR tomorrow morning at 6:30a to speak about #PlantBasedFoods. He'll explain the terminology and if these products are healthier than meat based products. üçî #UWStout
Link: https://t.co/j1rNdjtC34 https://t.co/UHzgTRQMVY",,1173620195769929728,1173620195769929728,,,,,,,en,en,recent,,,1,,"<a href=""https://buffer.com"" rel=""nofollow"">Buffer</a>",,,Mon Dec 22 01:52:59 +0000 2008,,,"The only UW named after a person. This is University of Wisconsin-Stout's official Twitter. We are #StoutProud. üíô  
News: @UWStoutNews",uwstout.edu,http://www.uwstout.edu,,22,http://t.co/YRZvN75119,1614,,5565,,265,True,,18297817,18297817,,,,88,"Menomonie, WI",UW-Stout,,206A9E,http://abs.twimg.com/images/themes/theme16/bg.gif,https://abs.twimg.com/images/themes/theme16/bg.gif,,https://pbs.twimg.com/profile_banners/18297817/1549492688,http://pbs.twimg.com/profile_images/930176578943963139/I4ROBp3a_normal.jpg,https://pbs.twimg.com/profile_images/930176578943963139/I4ROBp3a_normal.jpg,E58D2B,FFFFFF,DDFFCC,333333,True,,uwstout,4581,,none,http://t.co/YRZvN75119,,,"<a href=""http://twitter.com/download/android"" rel=""nofollow"">Twitter for Android</a>",,,Mon Mar 28 02:22:20 +0000 2011,,,UW-Stout's student-run news source.,,,,,,stoutonia-online.com,http://www.stoutonia-online.com,,23,https://t.co/2M7c61gOq0,151,,653,,129,,,273222121,273222121,,,,19,"Menomonie, Wisconsin",Stoutonia,,1A1B1F,http://abs.twimg.com/images/themes/theme9/bg.gif,https://abs.twimg.com/images/themes/theme9/bg.gif,,https://pbs.twimg.com/profile_banners/273222121/1568044429,http://pbs.twimg.com/profile_images/786567957375692801/_f-pW1ts_normal.jpg,https://pbs.twimg.com/profile_images/786567957375692801/_f-pW1ts_normal.jpg,2FC2EF,181A1E,252429,666666,True,,stoutonia,1258,,none,https://t.co/2M7c61gOq0,,
,,Mon Sep 16 15:42:01 +0000 2019,,288,,,Join the 'Understanding #PlantBased Eating in the Canadian #Foodservice Market' #webinar w/ @GoodFoodInst &amp; @UnileverFS_NA. Gain insight into how you can incorporate #plantbasedfoods &amp; understand what global #macrotrends are driving the movement. Register: https://t.co/geX7yLsZlC,,1173623078179540992,1173623078179540992,,,,,,,en,en,recent,,,1,,,,,,,,,,,,,,,,,,,,,,,,,,,,,,,,,,,,,,,,,,,,,,,,,,,,,,,,,,,,,,,,,,,,,,,,,,"<a href=""https://sproutsocial.com"" rel=""nofollow"">Sprout Social</a>",,,Thu Aug 19 21:02:05 +0000 2010,,,Restaurants Canada (formerly CRFA) is advancing the potential of the foodservice community. Our industry employs 1.2 million people and serves 22 million daily!,,,,,,restaurantscanada.org,http://restaurantscanada.org,,22,http://t.co/kUwrButteL,11507,,10763,,3665,True,True,180522017,180522017,,,,381,Canada,Restaurants Canada,,404C57,http://abs.twimg.com/images/themes/theme1/bg.png,https://abs.twimg.com/images/themes/theme1/bg.png,,https://pbs.twimg.com/profile_banners/180522017/1440705551,http://pbs.twimg.com/profile_images/1146052590460964864/ghv4XFeu_normal.png,https://pbs.twimg.com/profile_images/1146052590460964864/ghv4XFeu_normal.png,EE3426,C0DEED,DDEEF6,333333,,,RestaurantsCA,24625,,none,http://t.co/kUwrButteL,,True
,,Mon Sep 16 15:30:34 +0000 2019,,268,1,,"Pranabendu Mitra, food science assistant professor, will be speaking on @WPR tomorrow morning at 6:30a to speak about #PlantBasedFoods. He'll explain the terminology and if these products are healthier than meat based products. üçî #UWStout
Link: https://t.co/j1rNdjtC34 https://t.co/UHzgTRQMVY",,1173620195769929728,1173620195769929728,,,,,,,en,en,recent,,,1,,,,,,,,,,,,,,,,,,,,,,,,,,,,,,,,,,,,,,,,,,,,,,,,,,,,,,,,,,,,,,,,,,,,,,,,,,"<a href=""https://buffer.com"" rel=""nofollow"">Buffer</a>",,,Mon Dec 22 01:52:59 +0000 2008,,,"The only UW named after a person. This is University of Wisconsin-Stout's official Twitter. We are #StoutProud. üíô  
News: @UWStoutNews",,,,,,uwstout.edu,http://www.uwstout.edu,,22,http://t.co/YRZvN75119,1614,,5565,,265,True,,18297817,18297817,,,,88,"Menomonie, WI",UW-Stout,,206A9E,http://abs.twimg.com/images/themes/theme16/bg.gif,https://abs.twimg.com/images/themes/theme16/bg.gif,,https://pbs.twimg.com/profile_banners/18297817/1549492688,http://pbs.twimg.com/profile_images/930176578943963139/I4ROBp3a_normal.jpg,https://pbs.twimg.com/profile_images/930176578943963139/I4ROBp3a_normal.jpg,E58D2B,FFFFFF,DDFFCC,333333,True,,uwstout,4581,,none,http://t.co/YRZvN75119,,
,,Mon Sep 16 15:21:55 +0000 2019,,164,1,,#Scandinavia #plantbasedfoods #plantbased #viden #f√∏devarer #trend #foodnews #foodindustry #foodbusiness #foodsector #foodtrends #foodforthought #volkertsfylke #mat,,1173618020733915137,1173618020733915137,Procudan,1173618018196361216,1173618018196361216,4559969434,4559969434,,und,und,recent,,,,,,,,,,,,,,,,,,,,,,,,,,,,,,,,,,,,,,,,,,,,,,,,,,,,,,,,,,,,,,,,,,,,,,,,,,,,,"<a href=""https://mobile.twitter.com"" rel=""nofollow"">Twitter Web App</a>",,,Mon Dec 21 19:12:20 +0000 2015,True,,"We are experts in ingredients and packaging for food, and we believe that value is co-created!",,,,,,procudan.com,http://procudan.com,,23,https://t.co/cIV7drIX1d,54,,35,,24,,,4559969434,4559969434,,,,2,,Procudan,,F5F8FA,,,,https://pbs.twimg.com/profile_banners/4559969434/1560938166,http://pbs.twimg.com/profile_images/1156544051711229952/zyO_GP0y_normal.jpg,https://pbs.twimg.com/profile_images/1156544051711229952/zyO_GP0y_normal.jpg,1DA1F2,C0DEED,DDEEF6,333333,True,,Procudan,114,,none,https://t.co/cIV7drIX1d,,
,,Mon Sep 16 14:50:28 +0000 2019,,171,,,"[FEED THEM WELL!] As soon as children begin eating solid food, it's important to feed them a variety of whole, plant-based foods. #PlantBasedFoods #WholePlantBasedFoods RT https://t.co/JteTNgpNbb",,1173610106094833665,1173610106094833665,,,,,,,en,en,recent,,,,,,,,,,,,,,,,,,,,,,,,,,,,,,,,,,,,,,,,,,,,,,,,,,,,,,,,,,,,,,,,,,,,,,,,,,,,,"<a href=""https://www.socialoomph.com"" rel=""nofollow"">SocialOomph</a>",,,Fri Jan 30 04:01:52 +0000 2015,True,,Physician ‚Ä¢ Mom to 4 boys ‚Ä¢ Best Selling Author‚ù§Ô∏èü§© ‚Ä¢ Motivational Speaker https://t.co/3WRywzZW1D,holisticmommd.com,http://www.holisticmommd.com,74,97,https://t.co/3WRywzZW1D,HolisticMomMD.com,http://www.HolisticMomMD.com,,23,https://t.co/mwgEAiDbaW,115,,316,,46,,,3004896761,3004896761,,,,8,"Naperville, IL","Madiha Saeed,MD",,C0DEED,http://abs.twimg.com/images/themes/theme1/bg.png,https://abs.twimg.com/images/themes/theme1/bg.png,,https://pbs.twimg.com/profile_banners/3004896761/1549431337,http://pbs.twimg.com/profile_images/615692762571231233/hlbEn6gS_normal.jpg,https://pbs.twimg.com/profile_images/615692762571231233/hlbEn6gS_normal.jpg,1DA1F2,C0DEED,DDEEF6,333333,True,,HolisticMomMD,2116,,none,https://t.co/mwgEAiDbaW,,
,,Sun Sep 15 19:14:57 +0000 2019,,140,,,RT @TOFWD: Love this? Then come and eat with us! All of our food is vegan! organic #glutenfree #dairyfree #vegan #plantbasedfoods #plantbas‚Ä¶,,1173314276095942656,1173314276095942656,,,,,,,en,en,recent,,,1,,,,Sun Sep 15 19:13:52 +0000 2019,,231,,,Love this? Then come and eat with us! All of our food is vegan! organic #glutenfree #dairyfree #vegan #plantbasedfoods #plantbaseddiet #healthyfood #wholefoods #degravesstreet #loveyourself #selflove #funny‚Ä¶ https://t.co/UAGVzm6Hsh,,1173314006779604994,1173314006779604994,,,,,,,en,en,recent,,,1,,"<a href=""http://instagram.com"" rel=""nofollow"">Instagram</a>",,,Wed May 02 09:35:42 +0000 2012,True,,Our organic cafes have everything you need that is healthy and organic.,tofwd.com.au,http://www.tofwd.com.au,,22,http://t.co/y0UHunQVzM,10,,104,,40,,,568957121,568957121,,,,12,28 Degraves St. Melbourne,Jeanette taylor,,C0DEED,http://abs.twimg.com/images/themes/theme1/bg.png,https://abs.twimg.com/images/themes/theme1/bg.png,,,http://pbs.twimg.com/profile_images/2184113997/tofwd__logo_colour_normal.jpg,https://pbs.twimg.com/profile_images/2184113997/tofwd__logo_colour_normal.jpg,1DA1F2,C0DEED,DDEEF6,333333,True,,TOFWD,879,,none,http://t.co/y0UHunQVzM,,,"<a href=""http://discussionexpress.com"" rel=""nofollow"">Targeted Learning</a>",,,Thu May 06 23:33:58 +0000 2010,,,"""My grandmothers' ingenuity overcame gender discrimination and economic exploitation in a hostile society to prove their genius."" #earthsoldierbook
E.S.C.S",,,,,,earthsoldier.org,https://earthsoldier.org,,23,https://t.co/ilzZSeCYWQ,3439,,2141,,923,,,141009810,141009810,,,,25,NJ,Earth Soldier Common Sense Lifestyle,,C0DEED,http://abs.twimg.com/images/themes/theme1/bg.png,https://abs.twimg.com/images/themes/theme1/bg.png,True,https://pbs.twimg.com/profile_banners/141009810/1518625892,http://pbs.twimg.com/profile_images/979327429817913344/-HoLoyzn_normal.jpg,https://pbs.twimg.com/profile_images/979327429817913344/-HoLoyzn_normal.jpg,1B95E0,C0DEED,DDEEF6,333333,,,imagine_garden,80690,,none,https://t.co/ilzZSeCYWQ,,
,,Sun Sep 15 19:13:52 +0000 2019,,231,,,Love this? Then come and eat with us! All of our food is vegan! organic #glutenfree #dairyfree #vegan #plantbasedfoods #plantbaseddiet #healthyfood #wholefoods #degravesstreet #loveyourself #selflove #funny‚Ä¶ https://t.co/UAGVzm6Hsh,,1173314006779604994,1173314006779604994,,,,,,,en,en,recent,,,1,,,,,,,,,,,,,,,,,,,,,,,,,,,,,,,,,,,,,,,,,,,,,,,,,,,,,,,,,,,,,,,,,,,,,,,,,,"<a href=""http://instagram.com"" rel=""nofollow"">Instagram</a>",,,Wed May 02 09:35:42 +0000 2012,True,,Our organic cafes have everything you need that is healthy and organic.,,,,,,tofwd.com.au,http://www.tofwd.com.au,,22,http://t.co/y0UHunQVzM,10,,104,,40,,,568957121,568957121,,,,12,28 Degraves St. Melbourne,Jeanette taylor,,C0DEED,http://abs.twimg.com/images/themes/theme1/bg.png,https://abs.twimg.com/images/themes/theme1/bg.png,,,http://pbs.twimg.com/profile_images/2184113997/tofwd__logo_colour_normal.jpg,https://pbs.twimg.com/profile_images/2184113997/tofwd__logo_colour_normal.jpg,1DA1F2,C0DEED,DDEEF6,333333,True,,TOFWD,879,,none,http://t.co/y0UHunQVzM,,
,,Sun Sep 15 04:56:58 +0000 2019,,206,1,,"With @BeyondMeat and @ImpossibleFoods leading the market for #plantbasedfoods, #investors see opportunities in startups playing supporting roles  

https://t.co/Lh5S7WOTzh via @WSJ

#NaturesFoodCompany #GGH",,1173098358157692929,1173098358157692929,,,,,,,en,en,recent,,,,,,,,,,,,,,,,,,,,,,,,,,,,,,,,,,,,,,,,,,,,,,,,,,,,,,,,,,,,,,,,,,,,,,,,,,,,,"<a href=""http://twitter.com/download/iphone"" rel=""nofollow"">Twitter for iPhone</a>",,,Thu Aug 29 13:36:56 +0000 2019,True,,"Natures Food Company- A Go Green Holdings Company, is a revolutionary supplier of clean meats. Focusing on tasty plant based beef, pork, chicken, Sea food ++",,,,,,,,,,,145,,25,,121,,,1167068322547953665,1167068322547953665,,,,,"Melbourne, Victoria",Natures Food Company - a Go Green Holdings company,,F5F8FA,,,,https://pbs.twimg.com/profile_banners/1167068322547953665/1567140686,http://pbs.twimg.com/profile_images/1167068809066246145/TC9QyCbs_normal.jpg,https://pbs.twimg.com/profile_images/1167068809066246145/TC9QyCbs_normal.jpg,1DA1F2,C0DEED,DDEEF6,333333,True,,food_natures,35,,none,,,
,,Sun Sep 15 01:32:12 +0000 2019,,188,4,,This is the pic you take when you have @QuornUS    meatless nuggets with buffalo sauce and tater tots with homemade vegan ranch! #plantbasedfoods #houstonvegans #doitfortheaninmals #delish https://t.co/6dPsnRhARX,,1173046828390072320,1173046828390072320,,,,,,,en,en,recent,,,,,,,,,,,,,,,,,,,,,,,,,,,,,,,,,,,,,,,,,,,,,,,,,,,,,,,,,,,,,,,,,,,,,,,,,,,,,"<a href=""http://twitter.com/download/android"" rel=""nofollow"">Twitter for Android</a>",,,Mon Feb 13 05:14:41 +0000 2017,True,,"Love to teach! üìö
CFISD math resource teacher, Valdosta State University grad.",,,,,,,,,,,6463,,134,,327,True,,831008672293801984,831008672293801984,,,,1,Georgia Peach in H-town,Christy D Bellflower,,F5F8FA,,,,https://pbs.twimg.com/profile_banners/831008672293801984/1566691056,http://pbs.twimg.com/profile_images/1064488359144431616/Xga0nT5Y_normal.jpg,https://pbs.twimg.com/profile_images/1064488359144431616/Xga0nT5Y_normal.jpg,1DA1F2,C0DEED,DDEEF6,333333,True,,belladawn71,492,,none,,,
,,Sat Sep 14 16:37:23 +0000 2019,,233,,,"#blackgold
.
.
.
.
.
.
.
.
.
.
.
.
.
.
.
#nature #natureofinstagram #blackandwhitephotography #blackandwhite #naturelover #pepper #plantcollection #nature_pics #plantsagram #black #plantbasedfoods #naturegood‚Ä¶ https://t.co/7N7J9mJJhp",,1172912236991602688,1172912236991602688,,,,,,,und,und,recent,,,,,,,,,,,,,,,,,,,,,,,,,,,,,,,,,,,,,,,,,,,,,,,,,,,,,,,,,,,,,,,,,,,,,,,,,,,,,"<a href=""http://instagram.com"" rel=""nofollow"">Instagram</a>",,,Tue Feb 16 13:16:23 +0000 2010,,,,,,,,,facebook.com/eldhoe.joy,http://www.facebook.com/eldhoe.joy,,23,https://t.co/nqmOEQH46t,6,,171,,165,,True,114740931,114740931,,,,18,Ernakulam,Eldhoe Joy,,0099B9,http://abs.twimg.com/images/themes/theme4/bg.gif,https://abs.twimg.com/images/themes/theme4/bg.gif,,https://pbs.twimg.com/profile_banners/114740931/1496940911,http://pbs.twimg.com/profile_images/1070734116914552832/XCGGe9uq_normal.jpg,https://pbs.twimg.com/profile_images/1070734116914552832/XCGGe9uq_normal.jpg,0099B9,5ED4DC,95E8EC,3C3940,True,,eldhoejoy,606,,none,https://t.co/nqmOEQH46t,,
,,Sat Sep 14 16:21:00 +0000 2019,,135,,,.@USNewsHealth: Can Eating More #PlantBasedFoods Help Manage #Diabetes? Get the answers: https://t.co/4kefaHk1NN #HealthyLiving #Health,,1172908112488960001,1172908112488960001,,,,,,,en,en,recent,,,,,,,,,,,,,,,,,,,,,,,,,,,,,,,,,,,,,,,,,,,,,,,,,,,,,,,,,,,,,,,,,,,,,,,,,,,,,"<a href=""https://about.twitter.com/products/tweetdeck"" rel=""nofollow"">TweetDeck</a>",,,Thu Apr 24 14:02:12 +0000 2014,,,"Smart Meter‚Äôs iGlucose¬Æ Cellular Diabetes Care Solution - simple, affordable connected health technology for real-time patient-to-provider BG results.",,,,,,iglucose.com,http://www.iglucose.com,,22,http://t.co/qZHJZqxoTi,451,,1120,,325,,,2461687388,2461687388,True,,,31,United States,iGlucose,,C0DEED,http://abs.twimg.com/images/themes/theme1/bg.png,https://abs.twimg.com/images/themes/theme1/bg.png,,https://pbs.twimg.com/profile_banners/2461687388/1524753167,http://pbs.twimg.com/profile_images/989512744461254658/DRHhJkcY_normal.jpg,https://pbs.twimg.com/profile_images/989512744461254658/DRHhJkcY_normal.jpg,0084B4,FFFFFF,DDEEF6,333333,True,,iGlucose,2890,,none,http://t.co/qZHJZqxoTi,,
,,Sat Sep 14 09:31:55 +0000 2019,,233,1,,"Get that burn üî•.

I love creating new workouts and include as many muscles as possible.

Let me know your feedback after trying this one üíØüòèüëåüèΩ

#mobilitytraining #hipmobility #plantbasedfoods #shouldermobility‚Ä¶ https://t.co/Ozt8bnKPwn",,1172805165541470208,1172805165541470208,,,,,,,en,en,recent,,,,,,,,,,,,,,,,,,,,,,,,,,,,,,,,,,,,,,,,,,,,,,,,,,,,,,,,,,,,,,,,,,,,,,,,,,,,,"<a href=""http://instagram.com"" rel=""nofollow"">Instagram</a>",,,Sat Dec 15 12:28:08 +0000 2018,True,,Actor,,,,,,,,,,,457,,25,,115,,True,1073917623170228224,1073917623170228224,,,,,Instagram: @mr_dwg,Dewayne,,F5F8FA,,,,https://pbs.twimg.com/profile_banners/1073917623170228224/1562735331,http://pbs.twimg.com/profile_images/1073917959062605826/G00YdWdM_normal.jpg,https://pbs.twimg.com/profile_images/1073917959062605826/G00YdWdM_normal.jpg,1DA1F2,C0DEED,DDEEF6,333333,True,,mr_dwg,385,,none,,,
,,Fri Sep 13 16:30:01 +0000 2019,,118,,,"@WhiteCastle¬†  Celebrates One-Year of the #ImpossibleSlider
https://t.co/TrK4EOsCJ3
#plantbasedfoods #meatalternatives",,1172547992873779200,1172547992873779200,WhiteCastle,,,115704886,115704886,,en,en,recent,,,,,,,,,,,,,,,,,,,,,,,,,,,,,,,,,,,,,,,,,,,,,,,,,,,,,,,,,,,,,,,,,,,,,,,,,,,,,"<a href=""http://www.falcon.io"" rel=""nofollow"">Falcon Social Media Management </a>",,,Mon Jul 20 13:01:18 +0000 2009,,,Prepared Foods is the leading source of information for those involved in the product development process.,,,,,,preparedfoods.com,http://preparedfoods.com,,22,http://t.co/lSABekvzpb,74,,4273,,90,,,58467156,58467156,,,,133,"Troy, MI",Prepared Foods,,EBEBEB,http://abs.twimg.com/images/themes/theme1/bg.png,https://abs.twimg.com/images/themes/theme1/bg.png,,https://pbs.twimg.com/profile_banners/58467156/1483989995,http://pbs.twimg.com/profile_images/1052964152891895808/k2yjMgdZ_normal.jpg,https://pbs.twimg.com/profile_images/1052964152891895808/k2yjMgdZ_normal.jpg,990000,FFFFFF,FFC387,333333,True,,PreparedFoods,6541,,none,http://t.co/lSABekvzpb,,
,,Fri Sep 13 14:06:00 +0000 2019,,272,,,"People are making the decision to turn towards a #plantbaseddiet, and for good reason! There are so many amazing ways that #plantbasedfoods can improve our lives. They offer fantastic health benefits. Visit https://t.co/QPN6rR4U5D for #plantbasedmeals for the entire week.",,1172511750824050688,1172511750824050688,,,,,,,en,en,recent,,,,,,,,,,,,,,,,,,,,,,,,,,,,,,,,,,,,,,,,,,,,,,,,,,,,,,,,,,,,,,,,,,,,,,,,,,,,,"<a href=""https://about.twitter.com/products/tweetdeck"" rel=""nofollow"">TweetDeck</a>",,,Thu Sep 12 07:19:02 +0000 2019,True,,"Plant-Based Lifeü••ü•ëüçéü•ï
Meals delivered to your door. Just only Receive Open Enjoy and reuses ü•ëü•ïüçâüçåüçìüçéü•ù
https://t.co/MdSzFloYPE",fromtheheartbayarea.com,http://www.fromtheheartbayarea.com/,99,122,https://t.co/MdSzFloYPE,,,,,,,,,,,,,1172046215434752000,1172046215434752000,,,,,,From The Heart,,F5F8FA,,,,https://pbs.twimg.com/profile_banners/1172046215434752000/1568273343,http://pbs.twimg.com/profile_images/1172047340351283200/8OdNcgvD_normal.png,https://pbs.twimg.com/profile_images/1172047340351283200/8OdNcgvD_normal.png,1DA1F2,C0DEED,DDEEF6,333333,True,,fromthebayarea,3,,none,,,
,,Fri Sep 13 13:50:19 +0000 2019,,275,1,,#plantbasedmeals #plantbased #plantbasedrecipes #plantbasedfoods #plantbasedeating #plantbasedfoodie #plantbasedmeal #plantbasedvegan #plantbasediet #vegan #vegano #vegans #veganos #veganaf #veganrecipes #veganfoodshare #veganrecipe #vegancommunity #vegansofig #veganjunkfood,,1172507804227080192,1172507804227080192,VEGETALREINO,1172365094996434949,1172365094996434949,849849135238795264,849849135238795264,,und,und,recent,,,,,,,,,,,,,,,,,,,,,,,,,,,,,,,,,,,,,,,,,,,,,,,,,,,,,,,,,,,,,,,,,,,,,,,,,,,,,"<a href=""http://twitter.com/download/iphone"" rel=""nofollow"">Twitter for iPhone</a>",,,Thu Apr 06 04:59:58 +0000 2017,True,,VEGETAL REINO ‚Ä¢ PLANT BASED ‚Ä¢ EAT GOOD LIVE GOOD ‚Ä¢ DM INSTAGRAM üëâüèº @vegetalreino MEALS DELIVERED DAILY,,,,,,,,,,,23,,20,,23,True,,849849135238795264,849849135238795264,,,,,"Los Angeles, CA",VEGETAL REINO,,F5F8FA,,,,https://pbs.twimg.com/profile_banners/849849135238795264/1491455012,http://pbs.twimg.com/profile_images/849850025689571329/PNUkpqly_normal.jpg,https://pbs.twimg.com/profile_images/849850025689571329/PNUkpqly_normal.jpg,1DA1F2,C0DEED,DDEEF6,333333,True,,VEGETALREINO,34,,none,,,
,,Fri Sep 13 01:27:38 +0000 2019,,237,1,,Homemade cheese sauce #homemade #homemadevegancheese #vegan  #veganfit #veganfoood #veganprotein #vgnmofo #veganvegas #beginnervegan #alternativefood #cantbelieveitsvegan #Recipes #plantbasedfoods #plantbasedfood‚Ä¶ https://t.co/9XtVTsO40q,,1172320900747673600,1172320900747673600,,,,,,,en,en,recent,,,,,,,,,,,,,,,,,,,,,,,,,,,,,,,,,,,,,,,,,,,,,,,,,,,,,,,,,,,,,,,,,,,,,,,,,,,,,"<a href=""http://instagram.com"" rel=""nofollow"">Instagram</a>",,,Wed Mar 13 02:46:33 +0000 2019,True,,discovering and sharing a healthy lifestyle.,,,,,,,,,,,5,,4,,9,,,1105661394467209217,1105661394467209217,,,,,,Vegan Mofo,,F5F8FA,,,,,http://pbs.twimg.com/profile_images/1105669841644486656/EHvwSfKk_normal.jpg,https://pbs.twimg.com/profile_images/1105669841644486656/EHvwSfKk_normal.jpg,1DA1F2,C0DEED,DDEEF6,333333,True,,_Vegan_Mofo_,20,,none,,,
,,Thu Sep 12 23:43:03 +0000 2019,,266,,,"Chris Kerr, Co-Founder &amp; CEO of Good Catch Foods @goodcatchfoods, appeared on @yahoofinance where he explained the expanding growth &amp; value of plant-based &amp; cell-based food brands. #PlantBasedFoods #GoodCatchFoods #FoodandBeverage https://t.co/c5mzD683LN",,1172294584870658048,1172294584870658048,,,,,,,en,en,recent,,,,,,,,,,,,,,,,,,,,,,,,,,,,,,,,,,,,,,,,,,,,,,,,,,,,,,,,,,,,,,,,,,,,,,,,,,,,,"<a href=""http://twitter.com"" rel=""nofollow"">Twitter Web Client</a>",,,Thu Sep 17 18:53:44 +0000 2009,,,"A full service law firm acting as outside counsel to established market leaders, newly launched enterprises, athletes and entertainers, and governmental bodies.",,,,,,gsblaw.com,http://www.gsblaw.com,,22,http://t.co/8dFh8w4VAA,55,,2435,,2133,,,75084993,75084993,,,,46,,GarveySchubertBarer,,4D4B4D,http://abs.twimg.com/images/themes/theme1/bg.png,https://abs.twimg.com/images/themes/theme1/bg.png,,https://pbs.twimg.com/profile_banners/75084993/1510967364,http://pbs.twimg.com/profile_images/918260785167527936/OIffgqZB_normal.jpg,https://pbs.twimg.com/profile_images/918260785167527936/OIffgqZB_normal.jpg,414242,000000,F5EADC,332A33,,,gsblaw,1681,,none,http://t.co/8dFh8w4VAA,,
,,Wed Sep 11 23:20:10 +0000 2019,,140,,,"RT @danieldandreu: How can we feed the world without overwhelming the planet?

#gamechangers #plantbasedfoods #wastewarriors #powderfoods #‚Ä¶",,1171926434669125633,1171926434669125633,,,,,,,en,en,recent,,,1,,,,Wed Sep 11 22:20:48 +0000 2019,,174,,,"How can we feed the world without overwhelming the planet?

#gamechangers #plantbasedfoods #wastewarriors #powderfoods #zerohunger #zerowaste #startup https://t.co/MEyHgiblIa",,1171911496592515073,1171911496592515073,,,,,,,en,en,recent,,,1,,"<a href=""http://www.linkedin.com/"" rel=""nofollow"">LinkedIn</a>",,,Sun Feb 06 15:47:38 +0000 2011,,,"Nada sucede en contradicci√≥n con la naturaleza, s√≥lo en contradicci√≥n con lo que sabemos de ella. Un paso al frente en @agrosingularity",linkedin.com/in/danielandreu,http://www.linkedin.com/in/danielandreu,,23,https://t.co/USA9QPNH8g,453,,4883,,2854,True,True,248246021,248246021,,,,214,Espa√±a,dani andreu,,0F0F0F,http://abs.twimg.com/images/themes/theme1/bg.png,https://abs.twimg.com/images/themes/theme1/bg.png,,https://pbs.twimg.com/profile_banners/248246021/1519232231,http://pbs.twimg.com/profile_images/1066847084681330688/o79dsuru_normal.jpg,https://pbs.twimg.com/profile_images/1066847084681330688/o79dsuru_normal.jpg,1B95E0,404040,1C1C1C,627E91,True,,danieldandreu,19015,,none,https://t.co/USA9QPNH8g,,,"<a href=""https://mkulima.tech"" rel=""nofollow"">zerohunger</a>",,,Fri Feb 01 19:17:13 +0000 2019,True,,#mkulimaforum,,,,,,,,,,,1087,,3229,,3038,True,,1091415190535634944,1091415190535634944,,,,6,,Ag Forum,,F5F8FA,,,,https://pbs.twimg.com/profile_banners/1091415190535634944/1559894680,http://pbs.twimg.com/profile_images/1133754953393221633/CVQc-IPs_normal.jpg,https://pbs.twimg.com/profile_images/1133754953393221633/CVQc-IPs_normal.jpg,1DA1F2,C0DEED,DDEEF6,333333,True,,mkulimaforum,4288,,none,,,
,,Wed Sep 11 22:20:48 +0000 2019,,174,,,"How can we feed the world without overwhelming the planet?

#gamechangers #plantbasedfoods #wastewarriors #powderfoods #zerohunger #zerowaste #startup https://t.co/MEyHgiblIa",,1171911496592515073,1171911496592515073,,,,,,,en,en,recent,,,1,,,,,,,,,,,,,,,,,,,,,,,,,,,,,,,,,,,,,,,,,,,,,,,,,,,,,,,,,,,,,,,,,,,,,,,,,,"<a href=""http://www.linkedin.com/"" rel=""nofollow"">LinkedIn</a>",,,Sun Feb 06 15:47:38 +0000 2011,,,"Nada sucede en contradicci√≥n con la naturaleza, s√≥lo en contradicci√≥n con lo que sabemos de ella. Un paso al frente en @agrosingularity",,,,,,linkedin.com/in/danielandreu,http://www.linkedin.com/in/danielandreu,,23,https://t.co/USA9QPNH8g,453,,4883,,2854,True,True,248246021,248246021,,,,214,Espa√±a,dani andreu,,0F0F0F,http://abs.twimg.com/images/themes/theme1/bg.png,https://abs.twimg.com/images/themes/theme1/bg.png,,https://pbs.twimg.com/profile_banners/248246021/1519232231,http://pbs.twimg.com/profile_images/1066847084681330688/o79dsuru_normal.jpg,https://pbs.twimg.com/profile_images/1066847084681330688/o79dsuru_normal.jpg,1B95E0,404040,1C1C1C,627E91,True,,danieldandreu,19015,,none,https://t.co/USA9QPNH8g,,
,,Wed Sep 11 21:02:26 +0000 2019,,230,,,"üíöSPICED VEGETABLE &amp; CHICKPEA BURGERSüíö  Lovingly made by hand in store. Gluten free, vegan and organic. #vegan #organic #glutenfree #dairyfree #sugarfree #plantbasedfoods #plantbased #eggfree #melbourne‚Ä¶ https://t.co/wzYJtLGXpz",,1171891775033790465,1171891775033790465,,,,,,,en,en,recent,,,,,,,,,,,,,,,,,,,,,,,,,,,,,,,,,,,,,,,,,,,,,,,,,,,,,,,,,,,,,,,,,,,,,,,,,,,,,"<a href=""http://instagram.com"" rel=""nofollow"">Instagram</a>",,,Wed May 02 09:35:42 +0000 2012,True,,Our organic cafes have everything you need that is healthy and organic.,,,,,,tofwd.com.au,http://www.tofwd.com.au,,22,http://t.co/y0UHunQVzM,10,,104,,40,,,568957121,568957121,,,,12,28 Degraves St. Melbourne,Jeanette taylor,,C0DEED,http://abs.twimg.com/images/themes/theme1/bg.png,https://abs.twimg.com/images/themes/theme1/bg.png,,,http://pbs.twimg.com/profile_images/2184113997/tofwd__logo_colour_normal.jpg,https://pbs.twimg.com/profile_images/2184113997/tofwd__logo_colour_normal.jpg,1DA1F2,C0DEED,DDEEF6,333333,True,,TOFWD,879,,none,http://t.co/y0UHunQVzM,,
,,Wed Sep 11 14:09:30 +0000 2019,,140,,,"RT @MeticulousBPlan: Plant-based alternative to Meat Processing - Business Planning Reports

According to #PlantBasedFoods Association, the‚Ä¶",,1171787858245369858,1171787858245369858,,,,,,,en,en,recent,,,1,,,,Wed Sep 11 11:49:27 +0000 2019,,270,1,,"Plant-based alternative to Meat Processing - Business Planning Reports

According to #PlantBasedFoods Association, the sale of plant-based products has increased 16% in 2018-19. https://t.co/1AY2hCIvSY 

#plantbasedalternativetomeat #meatprocessingbusiness #foodindustry",,1171752612510650368,1171752612510650368,,,,,,,en,en,recent,,,1,,"<a href=""https://mobile.twitter.com"" rel=""nofollow"">Twitter Web App</a>",,,Fri Nov 17 11:55:15 +0000 2017,,,"We always believe in innovation, productivity and success of our clients.",meticulousbplans.com,http://www.meticulousbplans.com,,23,https://t.co/I7zZUfu8oo,2,,96,,7,,,931490916984012800,931490916984012800,,,,1,"Pune, India Ofiice 401, Fourth Floor, Pushpak Business Hub, Pune-Mumbai Highway Wakad, Pune, India. Pin Code -411057",Meticulous Business Plans,,000000,http://abs.twimg.com/images/themes/theme1/bg.png,https://abs.twimg.com/images/themes/theme1/bg.png,,https://pbs.twimg.com/profile_banners/931490916984012800/1536135761,http://pbs.twimg.com/profile_images/1095660814634229760/gdfElsEY_normal.png,https://pbs.twimg.com/profile_images/1095660814634229760/gdfElsEY_normal.png,032532,000000,000000,000000,,,MeticulousBPlan,628,,none,https://t.co/I7zZUfu8oo,,,"<a href=""http://twitter.com/download/iphone"" rel=""nofollow"">Twitter for iPhone</a>",,,Sun May 05 09:31:27 +0000 2013,,,"A seasoned startup mentor and consultant. Young, energetic and result oriented person. Individual with go-getter attitude and always a positive thinker.",,,,,,meticulous.in,http://www.meticulous.in,,23,https://t.co/Toxq1t0nQt,2256,,119,,146,,True,1404600236,1404600236,,,,4,Pune / Mumbai / Bangalore,Yogesh Thite,,C0DEED,http://abs.twimg.com/images/themes/theme1/bg.png,https://abs.twimg.com/images/themes/theme1/bg.png,,https://pbs.twimg.com/profile_banners/1404600236/1560773243,http://pbs.twimg.com/profile_images/847725391951257603/hxiW6jF__normal.jpg,https://pbs.twimg.com/profile_images/847725391951257603/hxiW6jF__normal.jpg,ABB8C2,C0DEED,DDEEF6,333333,True,,StartupwithYogi,2095,,none,https://t.co/Toxq1t0nQt,,
,,Wed Sep 11 13:49:06 +0000 2019,,140,,,"RT @JamesWoewoda: Kite Hill, co-founded by the creator of Impossible Foods, looks to be gaining traction, too
https://t.co/lpLnIWM7qO
#Kite‚Ä¶",,1171782722462732288,1171782722462732288,,,,,,,en,en,recent,,,1,,,,Tue Sep 10 13:46:48 +0000 2019,,262,,,"Kite Hill, co-founded by the creator of Impossible Foods, looks to be gaining traction, too
https://t.co/lpLnIWM7qO
#KiteHill #Startups #VentureCapital #PlantBasedFoods #Vegan #Cheese #Milk #Soy #Almonds #Yogurt #Dairy #Hayward #California #WoewodaCommunications",,1171419755984457728,1171419755984457728,,,,,,,en,en,recent,,,1,,"<a href=""http://twitter.com/download/android"" rel=""nofollow"">Twitter for Android</a>",,,Sun Oct 18 15:25:07 +0000 2009,,,"Woewoda Communications is one of Canada‚Äôs leading strategic communications firms. We work with Canadian VC's, PE's, Angels, Foundations/Trusts, and Start-ups.",WoewodaCommunications.com,http://www.WoewodaCommunications.com,,23,https://t.co/WUljTQsBIr,19,,351,,1350,,,83383002,83383002,,,,17,"Vancouver, Canada",WoewodaCommunication,,000000,http://abs.twimg.com/images/themes/theme5/bg.gif,https://abs.twimg.com/images/themes/theme5/bg.gif,,https://pbs.twimg.com/profile_banners/83383002/1468725299,http://pbs.twimg.com/profile_images/1014635723553628160/tof7dJW3_normal.jpg,https://pbs.twimg.com/profile_images/1014635723553628160/tof7dJW3_normal.jpg,E81C4F,000000,000000,000000,,,JamesWoewoda,2147,,none,https://t.co/WUljTQsBIr,,,"<a href=""http://twitter.com/download/android"" rel=""nofollow"">Twitter for Android</a>",,,Sun Oct 18 15:25:07 +0000 2009,,,"Woewoda Communications is one of Canada‚Äôs leading strategic communications firms. We work with Canadian VC's, PE's, Angels, Foundations/Trusts, and Start-ups.",,,,,,WoewodaCommunications.com,http://www.WoewodaCommunications.com,,23,https://t.co/WUljTQsBIr,19,,351,,1350,,,83383002,83383002,,,,17,"Vancouver, Canada",WoewodaCommunication,,000000,http://abs.twimg.com/images/themes/theme5/bg.gif,https://abs.twimg.com/images/themes/theme5/bg.gif,,https://pbs.twimg.com/profile_banners/83383002/1468725299,http://pbs.twimg.com/profile_images/1014635723553628160/tof7dJW3_normal.jpg,https://pbs.twimg.com/profile_images/1014635723553628160/tof7dJW3_normal.jpg,E81C4F,000000,000000,000000,,,JamesWoewoda,2147,,none,https://t.co/WUljTQsBIr,,
,,Wed Sep 11 11:49:27 +0000 2019,,270,1,,"Plant-based alternative to Meat Processing - Business Planning Reports

According to #PlantBasedFoods Association, the sale of plant-based products has increased 16% in 2018-19. https://t.co/1AY2hCIvSY 

#plantbasedalternativetomeat #meatprocessingbusiness #foodindustry",,1171752612510650368,1171752612510650368,,,,,,,en,en,recent,,,1,,,,,,,,,,,,,,,,,,,,,,,,,,,,,,,,,,,,,,,,,,,,,,,,,,,,,,,,,,,,,,,,,,,,,,,,,,"<a href=""https://mobile.twitter.com"" rel=""nofollow"">Twitter Web App</a>",,,Fri Nov 17 11:55:15 +0000 2017,,,"We always believe in innovation, productivity and success of our clients.",,,,,,meticulousbplans.com,http://www.meticulousbplans.com,,23,https://t.co/I7zZUfu8oo,2,,96,,7,,,931490916984012800,931490916984012800,,,,1,"Pune, India Ofiice 401, Fourth Floor, Pushpak Business Hub, Pune-Mumbai Highway Wakad, Pune, India. Pin Code -411057",Meticulous Business Plans,,000000,http://abs.twimg.com/images/themes/theme1/bg.png,https://abs.twimg.com/images/themes/theme1/bg.png,,https://pbs.twimg.com/profile_banners/931490916984012800/1536135761,http://pbs.twimg.com/profile_images/1095660814634229760/gdfElsEY_normal.png,https://pbs.twimg.com/profile_images/1095660814634229760/gdfElsEY_normal.png,032532,000000,000000,000000,,,MeticulousBPlan,628,,none,https://t.co/I7zZUfu8oo,,
,,Wed Sep 11 02:31:10 +0000 2019,,113,,,Is it really possible that #plantbasedfoods such as the Impossible Whopper are healthful? https://t.co/LTHsTODClR,,1171612117063086081,1171612117063086081,,,,,,,en,en,recent,,,,,,,,,,,,,,,,,,,,,,,,,,,,,,,,,,,,,,,,,,,,,,,,,,,,,,,,,,,,,,,,,,,,,,,,,,,,,"<a href=""http://twitter.com"" rel=""nofollow"">Twitter Web Client</a>",,,Mon Mar 01 19:12:19 +0000 2010,,,"#PublicHealth #Health #Science #Technology & #Culture Providing you with news, information & data you can use, in real time, Betty C. Jung MPH RN MCHES¬Æ",,,,,,bettycjung.net,http://www.bettycjung.net,,22,http://t.co/GbkiytD6Zk,987,,538,,134,,,118788479,118788479,,,,416,United States,Betty C. Jung,,59472F,http://abs.twimg.com/images/themes/theme19/bg.gif,https://abs.twimg.com/images/themes/theme19/bg.gif,,https://pbs.twimg.com/profile_banners/118788479/1431319262,http://pbs.twimg.com/profile_images/1004778702780141568/f5yR8DAA_normal.jpg,https://pbs.twimg.com/profile_images/1004778702780141568/f5yR8DAA_normal.jpg,1B95E0,000515,061127,827972,True,,bettycjung,102106,,none,http://t.co/GbkiytD6Zk,,
,,Tue Sep 10 20:33:00 +0000 2019,,234,5,,"So excited by all the new women-led innovations at this year's #ExpoEast. As a women owned and led company, we see this as not just a trend, but how business grows for the future. #womenowned #changeagents #plantbasedfoods #innovation https://t.co/TNeuwnLanu",,1171521980933083137,1171521980933083137,,,,,,,en,en,recent,,,,,,,,,,,,,,,,,,,,,,,,,,,,,,,,,,,,,,,,,,,,,,,,,,,,,,,,,,,,,,,,,,,,,,,,,,,,,"<a href=""https://mobile.twitter.com"" rel=""nofollow"">Twitter Web App</a>",,,Mon Apr 26 17:43:14 +0000 2010,,,SRG is a brand consultancy and advertising agency that works across the entire lifecycle of a brand.,,,,,,srg.com,http://www.srg.com,,22,http://t.co/XqXBqC8qmu,274,,2144,,968,True,,137414007,137414007,,,,128,"Boulder, CO",SRG,,080808,http://abs.twimg.com/images/themes/theme1/bg.png,https://abs.twimg.com/images/themes/theme1/bg.png,,https://pbs.twimg.com/profile_banners/137414007/1568063379,http://pbs.twimg.com/profile_images/1171168808393957378/f6xvJbpM_normal.jpg,https://pbs.twimg.com/profile_images/1171168808393957378/f6xvJbpM_normal.jpg,0084B4,FFFFFF,DDEEF6,333333,True,,SRGbuzz,831,,none,http://t.co/XqXBqC8qmu,,
,,Tue Sep 10 13:46:48 +0000 2019,,262,,,"Kite Hill, co-founded by the creator of Impossible Foods, looks to be gaining traction, too
https://t.co/lpLnIWM7qO
#KiteHill #Startups #VentureCapital #PlantBasedFoods #Vegan #Cheese #Milk #Soy #Almonds #Yogurt #Dairy #Hayward #California #WoewodaCommunications",,1171419755984457728,1171419755984457728,,,,,,,en,en,recent,,,1,,,,,,,,,,,,,,,,,,,,,,,,,,,,,,,,,,,,,,,,,,,,,,,,,,,,,,,,,,,,,,,,,,,,,,,,,,"<a href=""http://twitter.com/download/android"" rel=""nofollow"">Twitter for Android</a>",,,Sun Oct 18 15:25:07 +0000 2009,,,"Woewoda Communications is one of Canada‚Äôs leading strategic communications firms. We work with Canadian VC's, PE's, Angels, Foundations/Trusts, and Start-ups.",,,,,,WoewodaCommunications.com,http://www.WoewodaCommunications.com,,23,https://t.co/WUljTQsBIr,19,,351,,1350,,,83383002,83383002,,,,17,"Vancouver, Canada",WoewodaCommunication,,000000,http://abs.twimg.com/images/themes/theme5/bg.gif,https://abs.twimg.com/images/themes/theme5/bg.gif,,https://pbs.twimg.com/profile_banners/83383002/1468725299,http://pbs.twimg.com/profile_images/1014635723553628160/tof7dJW3_normal.jpg,https://pbs.twimg.com/profile_images/1014635723553628160/tof7dJW3_normal.jpg,E81C4F,000000,000000,000000,,,JamesWoewoda,2147,,none,https://t.co/WUljTQsBIr,,
,,Tue Sep 10 08:39:22 +0000 2019,,279,1,,"RT @UnitedMinds11: LOADS OF YUMMY PLANT BASED RECIPES FOR A HEALTHIER LIFESTYLE! MORE INSIDE, CHECK IT OUT! https://t.co/eBtWzVXwgX #Vegan #VeganDiets #VeganRecipes #Health #Diet #Weightloss #Nutrition #PlantBasedFoods #VeganGuide #Recipes #Food #Cookbook #Cookbookguide #Love #‚Ä¶",,1171342388637437952,1171342388637437952,,,,,,,en,en,recent,,,,,,,,,,,,,,,,,,,,,,,,,,,,,,,,,,,,,,,,,,,,,,,,,,,,,,,,,,,,,,,,,,,,,,,,,,,,,"<a href=""https://ifttt.com"" rel=""nofollow"">IFTTT</a>",,,Fri Oct 07 18:37:34 +0000 2016,,,üëÅÔ∏èüëëüê®,,,,,,,,,,,45,,303,,50,,,784462687954735104,784462687954735104,,,,6,,mehdi.gh,,000000,http://abs.twimg.com/images/themes/theme1/bg.png,https://abs.twimg.com/images/themes/theme1/bg.png,,,http://pbs.twimg.com/profile_images/998849399982735360/J0vq8jJ5_normal.jpg,https://pbs.twimg.com/profile_images/998849399982735360/J0vq8jJ5_normal.jpg,FAB81E,000000,000000,000000,,,mehdi_eck,61324,,none,,,
,,Tue Sep 10 07:52:41 +0000 2019,,279,1,,"RT @UnitedMinds11: LOADS OF YUMMY PLANT BASED RECIPES FOR A HEALTHIER LIFESTYLE! MORE INSIDE, CHECK IT OUT! https://t.co/JzwL53ydXT #Vegan #VeganDiets #VeganRecipes #Health #Diet #Weightloss #Nutrition #PlantBasedFoods #VeganGuide #Recipes #Food #Cookbook #Cookbookguide #Love #‚Ä¶",,1171330640098353152,1171330640098353152,,,,,,,en,en,recent,,,,,,,,,,,,,,,,,,,,,,,,,,,,,,,,,,,,,,,,,,,,,,,,,,,,,,,,,,,,,,,,,,,,,,,,,,,,,"<a href=""https://ifttt.com"" rel=""nofollow"">IFTTT</a>",,,Thu Mar 30 14:24:23 +0000 2017,True,,,,,,,,youtube.com/channel/UCDHto‚Ä¶,https://www.youtube.com/channel/UCDHto5LdWLNt7lnhdeoQWtQ/,,23,https://t.co/7UbsHc1gnK,8,,587,,9,,,847454460511100928,847454460511100928,,,,3,,Foodielicious,,F5F8FA,,,,https://pbs.twimg.com/profile_banners/847454460511100928/1529828592,http://pbs.twimg.com/profile_images/1013757639816196097/faf9-_0x_normal.jpg,https://pbs.twimg.com/profile_images/1013757639816196097/faf9-_0x_normal.jpg,1DA1F2,C0DEED,DDEEF6,333333,True,,Foodielicious6,61919,,none,https://t.co/7UbsHc1gnK,,
,,Tue Sep 10 07:40:12 +0000 2019,,279,1,,"RT @UnitedMinds11: LOADS OF YUMMY PLANT BASED RECIPES FOR A HEALTHIER LIFESTYLE! MORE INSIDE, CHECK IT OUT! https://t.co/mGsbtqksKn #Vegan #VeganDiets #VeganRecipes #Health #Diet #Weightloss #Nutrition #PlantBasedFoods #VeganGuide #Recipes #Food #Cookbook #Cookbookguide #Love #‚Ä¶",,1171327498543648769,1171327498543648769,,,,,,,en,en,recent,,,,,,,,,,,,,,,,,,,,,,,,,,,,,,,,,,,,,,,,,,,,,,,,,,,,,,,,,,,,,,,,,,,,,,,,,,,,,"<a href=""https://ifttt.com"" rel=""nofollow"">IFTTT</a>",,,Mon Jan 24 00:49:26 +0000 2011,,,"Superfood company focused on Baobab. Mission is to make products as natural as possible. Superfood powder, chews, and skin care oil made with power of baobab.",,,,,,powbab.com,http://powbab.com,,23,https://t.co/oStef1M0Me,427,,629,,398,,,242123838,242123838,,,,14,"Oak Brook, IL",powbab,,ECE6C7,http://abs.twimg.com/images/themes/theme1/bg.png,https://abs.twimg.com/images/themes/theme1/bg.png,,https://pbs.twimg.com/profile_banners/242123838/1495570529,http://pbs.twimg.com/profile_images/427636933959757824/VnEHj7iG_normal.png,https://pbs.twimg.com/profile_images/427636933959757824/VnEHj7iG_normal.png,AACFB4,A59782,EFCBAC,BDB49B,True,,powbab,11520,,none,https://t.co/oStef1M0Me,,
,,Tue Sep 10 07:19:34 +0000 2019,,279,1,,"RT @UnitedMinds11: LOADS OF YUMMY PLANT BASED RECIPES FOR A HEALTHIER LIFESTYLE! MORE INSIDE, CHECK IT OUT! https://t.co/DoCLcmmWkX #Vegan #VeganDiets #VeganRecipes #Health #Diet #Weightloss #Nutrition #PlantBasedFoods #VeganGuide #Recipes #Food #Cookbook #Cookbookguide #Love #‚Ä¶",,1171322304179167232,1171322304179167232,,,,,,,en,en,recent,,,,,,,,,,,,,,,,,,,,,,,,,,,,,,,,,,,,,,,,,,,,,,,,,,,,,,,,,,,,,,,,,,,,,,,,,,,,,"<a href=""https://ifttt.com"" rel=""nofollow"">IFTTT</a>",,,Sat Feb 13 08:12:22 +0000 2010,,,‚ù§Ô∏èü¶Ñ,,,,,,drorkobi.wixsite.com/human-design,https://drorkobi.wixsite.com/human-design,,23,https://t.co/7P1KUdvSnQ,115,,577,,1529,True,True,113859942,113859942,,,,8,Israel,COSMIC WORLD,,000000,http://abs.twimg.com/images/themes/theme1/bg.png,https://abs.twimg.com/images/themes/theme1/bg.png,,https://pbs.twimg.com/profile_banners/113859942/1532041148,http://pbs.twimg.com/profile_images/974442495328301057/xuRMatCi_normal.jpg,https://pbs.twimg.com/profile_images/974442495328301057/xuRMatCi_normal.jpg,1B95E0,000000,000000,000000,,,venushorizon,61684,,none,https://t.co/7P1KUdvSnQ,,
,,Tue Sep 10 07:14:06 +0000 2019,,139,,,"RT @UnitedMinds11: LOADS OF YUMMY PLANT BASED RECIPES FOR A HEALTHIER LIFESTYLE! MORE INSIDE, CHECK IT OUT! https://t.co/agoRmzOmfU #Vegan‚Ä¶",,1171320928191635457,1171320928191635457,,,,,,,en,en,recent,,,1,,,,Tue Sep 10 07:00:15 +0000 2019,,273,2,,"LOADS OF YUMMY PLANT BASED RECIPES FOR A HEALTHIER LIFESTYLE! MORE INSIDE, CHECK IT OUT! https://t.co/agoRmzOmfU #Vegan #VeganDiets #VeganRecipes #Health #Diet #Weightloss #Nutrition #PlantBasedFoods #VeganGuide #Recipes #Food #Cookbook #Cookbookguide #Love #HealthyRecipes",,1171317443505086464,1171317443505086464,,,,,,,en,en,recent,,,1,,"<a href=""https://www.hootsuite.com"" rel=""nofollow"">Hootsuite Inc.</a>",,,Tue Nov 28 18:58:52 +0000 2017,True,,"üåé‚ú®üíñ‚ú®üíé‚ú®üíõ‚ú®üíé‚ú®üíö‚ú®üåç
üíñPromo Page |Saving üåç ‚è≥|
üëâüì±Education|Fitness|Health|Lifestyleüíö‚ú®üíé‚ú®üíú‚ú®üíéüåüüíô‚ú®üíé‚ú®üî∂",,,,,,491,,102,,412,,,935583788616126464,935583788616126464,,,,2,WorldWide,UM11,,F5F8FA,,,,https://pbs.twimg.com/profile_banners/935583788616126464/1511896481,http://pbs.twimg.com/profile_images/935585172451291136/BUiI4C0-_normal.jpg,https://pbs.twimg.com/profile_images/935585172451291136/BUiI4C0-_normal.jpg,1DA1F2,C0DEED,DDEEF6,333333,True,,UnitedMinds11,904,,none,,,,"<a href=""https://twitter.com/tripleplates"" rel=""nofollow"">SmartFavRTBot</a>",,,Mon Dec 07 02:06:52 +0000 2015,True,,"I am a smart bot focused on weightlifting, fitness, and motivation.",,,,,,,,,,,3170,,780,,8,,,4481258965,4481258965,,,,281,,-III-----III-,,C0DEED,http://abs.twimg.com/images/themes/theme1/bg.png,https://abs.twimg.com/images/themes/theme1/bg.png,,https://pbs.twimg.com/profile_banners/4481258965/1449836927,http://pbs.twimg.com/profile_images/674821090456178689/IIfYznhN_normal.jpg,https://pbs.twimg.com/profile_images/674821090456178689/IIfYznhN_normal.jpg,1DA1F2,C0DEED,DDEEF6,333333,True,,tripleplates,29310,,none,,,
,,Tue Sep 10 07:06:57 +0000 2019,,279,1,,"RT @UnitedMinds11: LOADS OF YUMMY PLANT BASED RECIPES FOR A HEALTHIER LIFESTYLE! MORE INSIDE, CHECK IT OUT! https://t.co/AR3GAAZyZj #Vegan #VeganDiets #VeganRecipes #Health #Diet #Weightloss #Nutrition #PlantBasedFoods #VeganGuide #Recipes #Food #Cookbook #Cookbookguide #Love #‚Ä¶",,1171319132840742912,1171319132840742912,,,,,,,en,en,recent,,,,,,,,,,,,,,,,,,,,,,,,,,,,,,,,,,,,,,,,,,,,,,,,,,,,,,,,,,,,,,,,,,,,,,,,,,,,,"<a href=""https://ifttt.com"" rel=""nofollow"">IFTTT</a>",,,Fri Oct 07 06:26:07 +0000 2016,True,,The¬†Future Of Cryptocurrency. A¬†cryptocurrency¬†is a digital currency that is created and managed through the use of advanced encryption technique's.,,,,,,,,,,,1721,,375,,1216,,True,784278613164068864,784278613164068864,,,,4,"New Delhi, India",Nitin Ranjan,,F5F8FA,,,,https://pbs.twimg.com/profile_banners/784278613164068864/1555563503,http://pbs.twimg.com/profile_images/1117105155780911104/wHKxyVPI_normal.jpg,https://pbs.twimg.com/profile_images/1117105155780911104/wHKxyVPI_normal.jpg,1DA1F2,C0DEED,DDEEF6,333333,True,,me_nranjan,61010,,none,,,
,,Tue Sep 10 07:00:15 +0000 2019,,273,2,,"LOADS OF YUMMY PLANT BASED RECIPES FOR A HEALTHIER LIFESTYLE! MORE INSIDE, CHECK IT OUT! https://t.co/agoRmzOmfU #Vegan #VeganDiets #VeganRecipes #Health #Diet #Weightloss #Nutrition #PlantBasedFoods #VeganGuide #Recipes #Food #Cookbook #Cookbookguide #Love #HealthyRecipes",,1171317443505086464,1171317443505086464,,,,,,,en,en,recent,,,1,,,,,,,,,,,,,,,,,,,,,,,,,,,,,,,,,,,,,,,,,,,,,,,,,,,,,,,,,,,,,,,,,,,,,,,,,,"<a href=""https://www.hootsuite.com"" rel=""nofollow"">Hootsuite Inc.</a>",,,Tue Nov 28 18:58:52 +0000 2017,True,,"üåé‚ú®üíñ‚ú®üíé‚ú®üíõ‚ú®üíé‚ú®üíö‚ú®üåç
üíñPromo Page |Saving üåç ‚è≥|
üëâüì±Education|Fitness|Health|Lifestyleüíö‚ú®üíé‚ú®üíú‚ú®üíéüåüüíô‚ú®üíé‚ú®üî∂",,,,,,,,,,,491,,102,,412,,,935583788616126464,935583788616126464,,,,2,WorldWide,UM11,,F5F8FA,,,,https://pbs.twimg.com/profile_banners/935583788616126464/1511896481,http://pbs.twimg.com/profile_images/935585172451291136/BUiI4C0-_normal.jpg,https://pbs.twimg.com/profile_images/935585172451291136/BUiI4C0-_normal.jpg,1DA1F2,C0DEED,DDEEF6,333333,True,,UnitedMinds11,904,,none,,,
,,Mon Sep 09 22:53:27 +0000 2019,,273,,,"Talking to #flowers because #biologyisthelaw and #plantbasedfoods
üå±üß†üåªüåç‚ôªÔ∏è‚ú® Did you talked to your flowers and Nature's ecosystem today ? üíê
""Contrary to popular belief, #dandelions are not just pesky garden weeds. They may have some #health benefits.""
https://t.co/it5UjSAJwc https://t.co/YrOp9hKem2",,1171194939218321409,1171194939218321409,,,,,,,en,en,recent,,,,,,,,,,,,,,,,,,,,,,,,,,,,,,,,,,,,,,,,,,,,,,,,,,,,,,,,,,,,,,,,,,,,,,,,,,,,,"<a href=""http://twitter.com/download/android"" rel=""nofollow"">Twitter for Android</a>",,,Fri Nov 17 23:16:50 +0000 2017,,,"The Future Is VeganBio.
Vegan Bio is a Vegan Food Factory Co & Lab for Planet Health Made in Portugal - Europe for Plants Powered Humanityüå±üåç‚ôªÔ∏èü•¶ü•ëüçèüíöüáµüáπüá™üá∫",,,,,,veganbio.pt,http://www.veganbio.pt/,,23,https://t.co/Y1lxxQng6f,4559,,190,,124,,,931662442966536192,931662442966536192,,,,2,"Porto, Portugal",VEGANBIO ‚ìã,,000000,http://abs.twimg.com/images/themes/theme1/bg.png,https://abs.twimg.com/images/themes/theme1/bg.png,,https://pbs.twimg.com/profile_banners/931662442966536192/1510961170,http://pbs.twimg.com/profile_images/1109414316158136322/WLOEtB8X_normal.jpg,https://pbs.twimg.com/profile_images/1109414316158136322/WLOEtB8X_normal.jpg,19CF86,000000,000000,000000,,,VEGANBIOPT,1480,,none,https://t.co/Y1lxxQng6f,,
,,Mon Sep 09 21:36:07 +0000 2019,,190,,,"Everything is dialing just as planned #trainwiththechief #armyvet #texasnpccompetitor #yogi #rasta #beast #over40fitness 
#blackmendoyoga #meditation #plantbasedfoods https://t.co/oJgMIsfKcr",,1171175477345697797,1171175477345697797,,,,,,,en,en,recent,,,,,,,,,,,,,,,,,,,,,,,,,,,,,,,,,,,,,,,,,,,,,,,,,,,,,,,,,,,,,,,,,,,,,,,,,,,,,"<a href=""http://instagram.com"" rel=""nofollow"">Instagram</a>",,,Tue Jul 26 02:25:40 +0000 2016,True,,"U.S. Army Chief Warrant Officer 3 (Ret), combat veteran, PTSD and Glen Mills School for Boys Survivor üí™üèæ Wellness Coach, Mentor and Yogi",,,,,,youtu.be/j-nJqE2xn10,https://youtu.be/j-nJqE2xn10,,23,https://t.co/Ag3t0qPURd,186,,63,,305,,,757763788460335104,757763788460335104,,,,,United States,Chad Diesel,,F5F8FA,,,,https://pbs.twimg.com/profile_banners/757763788460335104/1567724862,http://pbs.twimg.com/profile_images/1172485633400614915/ze2GT0RM_normal.jpg,https://pbs.twimg.com/profile_images/1172485633400614915/ze2GT0RM_normal.jpg,1DA1F2,C0DEED,DDEEF6,333333,True,,ChadHale14,427,,none,https://t.co/Ag3t0qPURd,,
,,Mon Sep 09 19:46:30 +0000 2019,,237,,,"üíöHEARTY VEGETABLE &amp; LENTIL SOUPüíö This ticks all the boxes, delicious, healthy, organic, gluten free and FODMAP friendly. #organic #vegan #glutenfree #melbourne #plantbasedfoods #plantbased #fodmap #vegetarian‚Ä¶ https://t.co/bC1wTamqWx",,1171147890518978560,1171147890518978560,,,,,,,en,en,recent,,,,,,,,,,,,,,,,,,,,,,,,,,,,,,,,,,,,,,,,,,,,,,,,,,,,,,,,,,,,,,,,,,,,,,,,,,,,,"<a href=""http://instagram.com"" rel=""nofollow"">Instagram</a>",,,Wed May 02 09:35:42 +0000 2012,True,,Our organic cafes have everything you need that is healthy and organic.,,,,,,tofwd.com.au,http://www.tofwd.com.au,,22,http://t.co/y0UHunQVzM,10,,104,,40,,,568957121,568957121,,,,12,28 Degraves St. Melbourne,Jeanette taylor,,C0DEED,http://abs.twimg.com/images/themes/theme1/bg.png,https://abs.twimg.com/images/themes/theme1/bg.png,,,http://pbs.twimg.com/profile_images/2184113997/tofwd__logo_colour_normal.jpg,https://pbs.twimg.com/profile_images/2184113997/tofwd__logo_colour_normal.jpg,1DA1F2,C0DEED,DDEEF6,333333,True,,TOFWD,879,,none,http://t.co/y0UHunQVzM,,
,,Mon Sep 09 18:10:01 +0000 2019,,190,,,"Lunchtime! A #kachava smoothie with blueberries, a splash of unsweetened almond milk, ice, and vanilla ka'chava. #kachavatribe #plantbased #plantbasedfoods #nutrition https://t.co/veqb3ALmh2",,1171123610406326273,1171123610406326273,,,,,,,en,en,recent,,,,,,,,,,,,,,,,,,,,,,,,,,,,,,,,,,,,,,,,,,,,,,,,,,,,,,,,,,,,,,,,,,,,,,,,,,,,,"<a href=""http://instagram.com"" rel=""nofollow"">Instagram</a>",,,Wed Jun 16 20:38:34 +0000 2010,,,"Zumba Fitness and Mixxedfit Instructor! Kids Hip Hop & Jazz dance teacher in southwest Florida. Singer, performer & nerdy girl!",,,,,,,,,,,4468,,157,,621,True,True,156390399,156390399,,,,3,Florida,Ms. Lina G,,1A1B1F,http://abs.twimg.com/images/themes/theme9/bg.gif,https://abs.twimg.com/images/themes/theme9/bg.gif,,https://pbs.twimg.com/profile_banners/156390399/1505661556,http://pbs.twimg.com/profile_images/909436202163539970/WtL5U2-Z_normal.jpg,https://pbs.twimg.com/profile_images/909436202163539970/WtL5U2-Z_normal.jpg,2FC2EF,181A1E,252429,666666,True,,LinaGMusic,1331,,none,,,
,,Mon Sep 09 13:13:02 +0000 2019,,272,,,"Sircle Snapshot: My POV on #beyondmeat and #KFC partnering up and just my general take on this plant-based meat craze. It is very intriguing for sure, but is it good for you?...
#brandpartnerships #plantbasedmeat  #plantbasedfoods #impossibleburger https://t.co/6Jurk380qK",,1171048868886274048,1171048868886274048,,,,,,,en,en,recent,,,,,,,,,,,,,,,,,,,,,,,,,,,,,,,,,,,,,,,,,,,,,,,,,,,,,,,,,,,,,,,,,,,,,,,,,,,,,"<a href=""http://www.linkedin.com/"" rel=""nofollow"">LinkedIn</a>",,,Wed Nov 03 02:37:07 +0000 2010,,,"We help brands understand social media and how best to use it to grow their business. We tweet about social media, NYC and other random things.",,,,,,sircle.me,http://sircle.me,,22,http://t.co/NMQhnicIyQ,891,,528,,302,True,,211379155,211379155,,,,40,New York,Adam Brown,,FFFFFF,http://abs.twimg.com/images/themes/theme1/bg.png,https://abs.twimg.com/images/themes/theme1/bg.png,,https://pbs.twimg.com/profile_banners/211379155/1532441054,http://pbs.twimg.com/profile_images/458735749009907712/750BEndQ_normal.png,https://pbs.twimg.com/profile_images/458735749009907712/750BEndQ_normal.png,942A20,FFFFFF,686466,493B2D,True,,SircleMedia,6305,,none,http://t.co/NMQhnicIyQ,,
,,Mon Sep 09 05:01:03 +0000 2019,,210,,,"Seeing as how I'm lactose intolerant, I love having more options when it comes to nondairy milk. #lactoseintolerant #plantbasedfoods #healthieralternatives #almondandcoconutmilk #soymilk https://t.co/oJXIRfdX6s",,1170925058602217472,1170925058602217472,,,,,,,en,en,recent,,,,,,,,,,,,,,,,,,,,,,,,,,,,,,,,,,,,,,,,,,,,,,,,,,,,,,,,,,,,,,,,,,,,,,,,,,,,,"<a href=""http://instagram.com"" rel=""nofollow"">Instagram</a>",,,Tue Dec 15 00:40:37 +0000 2009,,,"If you want to know about me, all you gotta do is ask.",,,,,,tumblr.com/blog/peachy-qu‚Ä¶,http://www.tumblr.com/blog/peachy-queen,,23,https://t.co/8ESNZ5knQI,345,,140,,244,,True,96877167,96877167,,,,6,"Here, there, everywhere",Swirl Queen,,FF6699,http://abs.twimg.com/images/themes/theme11/bg.gif,https://abs.twimg.com/images/themes/theme11/bg.gif,True,https://pbs.twimg.com/profile_banners/96877167/1439787753,http://pbs.twimg.com/profile_images/783369945509982208/Jz0bR8Go_normal.jpg,https://pbs.twimg.com/profile_images/783369945509982208/Jz0bR8Go_normal.jpg,B40B43,CC3366,E5507E,362720,True,,Mojitomami,20255,,none,https://t.co/8ESNZ5knQI,,
,,Mon Sep 09 02:03:46 +0000 2019,,238,,,"I ‚ù§üß°üíõüíö Fall foods! Stuffed squash and kale for dinner tonight.

#plantbased #vegan #oilfreevegan #whatveganseat #nosos #wfpb  #plantbasedfoods #plantbaseddiet #wholefoodsplantbased #veganfood #wfpbnosos #fallfoods‚Ä¶ https://t.co/LGz9QyKhBP",,1170880442662146048,1170880442662146048,,,,,,,en,en,recent,,,,,,,,,,,,,,,,,,,,,,,,,,,,,,,,,,,,,,,,,,,,,,,,,,,,,,,,,,,,,,,,,,,,,,,,,,,,,"<a href=""http://instagram.com"" rel=""nofollow"">Instagram</a>",,,Thu Feb 19 21:55:33 +0000 2009,,,"Military spouse. Student. Future health & wellness coach. Plant-based since '05. Addicted to cooking, eating, Sooner football, & being outdoors.",,,,,,veganmilitarywife.com,http://veganmilitarywife.com,,23,https://t.co/1H24nU13YM,1855,,162,,263,,True,21343794,21343794,,,,5,"Washington, DC",Vegan Military Wife,,709397,http://abs.twimg.com/images/themes/theme6/bg.gif,https://abs.twimg.com/images/themes/theme6/bg.gif,,https://pbs.twimg.com/profile_banners/21343794/1534764926,http://pbs.twimg.com/profile_images/1031504722249822208/T1HtMBZZ_normal.jpg,https://pbs.twimg.com/profile_images/1031504722249822208/T1HtMBZZ_normal.jpg,FF3300,86A4A6,A0C5C7,333333,True,,VegMilitaryWife,1045,,none,https://t.co/1H24nU13YM,,
,,Sun Sep 08 19:31:48 +0000 2019,,228,,,"Some ‚òÄÔ∏è on a ‚õà day! A reminder that summer is on it‚Äôs way on yet another blustery, cold wet and wild day.  Come and say hi with a warm drink in our new @huskeecup #summer #organic #vegan #plantbasedfoods‚Ä¶ https://t.co/UyRu0Oll6r",,1170781802371399681,1170781802371399681,,,,,,,en,en,recent,,,,,,,,,,,,,,,,,,,,,,,,,,,,,,,,,,,,,,,,,,,,,,,,,,,,,,,,,,,,,,,,,,,,,,,,,,,,,"<a href=""http://instagram.com"" rel=""nofollow"">Instagram</a>",,,Wed May 02 09:35:42 +0000 2012,True,,Our organic cafes have everything you need that is healthy and organic.,,,,,,tofwd.com.au,http://www.tofwd.com.au,,22,http://t.co/y0UHunQVzM,10,,104,,40,,,568957121,568957121,,,,12,28 Degraves St. Melbourne,Jeanette taylor,,C0DEED,http://abs.twimg.com/images/themes/theme1/bg.png,https://abs.twimg.com/images/themes/theme1/bg.png,,,http://pbs.twimg.com/profile_images/2184113997/tofwd__logo_colour_normal.jpg,https://pbs.twimg.com/profile_images/2184113997/tofwd__logo_colour_normal.jpg,1DA1F2,C0DEED,DDEEF6,333333,True,,TOFWD,879,,none,http://t.co/y0UHunQVzM,,
,,Sun Sep 08 17:18:53 +0000 2019,,220,1,,"Kale chips &amp; chili üå±
.
.
.
 #garlic #onion #tomatoes #beans #hotsauce #seasalt #nooch #nutrionalyeast #ontariocorn #plantbasedfoods #plantpowered #homemade #leftoversforlunch @ London, Ontario https://t.co/gHdaa3H0rP",,1170748351299690496,1170748351299690496,,,,,,,ht,ht,recent,,,,,,,,,,,,,,,,,,,,,,,,,,,,,,,,,,,,,,,,,,,,,,,,,,,,,,,,,,,,,,,,,,,,,,,,,,,,,"<a href=""http://instagram.com"" rel=""nofollow"">Instagram</a>",,,Sat Feb 03 22:49:15 +0000 2018,,,"Wanderlust siblings & neighbours meeting the challenges of accessibility ‚ôøÔ∏è 
Accessing plant based food  üá®üá¶#veganlifestyle #wheelchairlife",,,,,,accessibleveganadventures.com,http://accessibleveganadventures.com,,23,https://t.co/gYT3mkomNe,144,,57,,59,,True,959921752624238593,959921752624238593,,,,3,"London, Canada",‚ôøÔ∏è Accessible Vegan Adventures üå±,,000000,http://abs.twimg.com/images/themes/theme1/bg.png,https://abs.twimg.com/images/themes/theme1/bg.png,,https://pbs.twimg.com/profile_banners/959921752624238593/1522536498,http://pbs.twimg.com/profile_images/961688946202808326/1BLCEBfG_normal.jpg,https://pbs.twimg.com/profile_images/961688946202808326/1BLCEBfG_normal.jpg,19CF86,000000,000000,000000,,,AccessibleVegn,474,,none,https://t.co/gYT3mkomNe,,
,,Sun Sep 08 16:20:12 +0000 2019,,65,,,"https://t.co/iW4PqovjRo
#plantbasedfoods  #vegan  #domainsforsale",,1170733586791772163,1170733586791772163,,,,,,,und,und,recent,,,,,,,,,,,,,,,,,,,,,,,,,,,,,,,,,,,,,,,,,,,,,,,,,,,,,,,,,,,,,,,,,,,,,,,,,,,,,"<a href=""https://mobile.twitter.com"" rel=""nofollow"">Twitter Web App</a>",,,Sat May 22 11:02:25 +0000 2010,,,"Anything and everything Domain and Life related. Yes, I follow back!!",,,,,,,,,,,834,,3911,,3385,True,,146799429,146799429,,,,73,UK,keith carasco,,8B542B,http://abs.twimg.com/images/themes/theme8/bg.gif,https://abs.twimg.com/images/themes/theme8/bg.gif,,https://pbs.twimg.com/profile_banners/146799429/1504713274,http://pbs.twimg.com/profile_images/1084655689/images_1__normal.jpg,https://pbs.twimg.com/profile_images/1084655689/images_1__normal.jpg,9D582E,D9B17E,EADEAA,333333,True,,Domainniche,28153,,none,,,
,,Sat Sep 07 21:27:05 +0000 2019,,81,,,#veganfood #crueltyfree #homemadegourmet #plantbasedfoods https://t.co/QKdJrHmelg,,1170448426280116225,1170448426280116225,,,,,,,und,und,recent,,,,,,,,,,,,,,,,,,,,,,,,,,,,,,,,,,,,,,,,,,,,,,,,,,,,,,,,,,,,,,,,,,,,,,,,,,,,,"<a href=""http://instagram.com"" rel=""nofollow"">Instagram</a>",,,Wed Jul 24 10:15:13 +0000 2013,,,James Kontra-A True Original,,,,,,,,,,,13324,,237,,592,True,True,1617387102,1617387102,,,,48,"Fort Lauderdale, FL",Igor James Weisbrot,,C0DEED,http://abs.twimg.com/images/themes/theme1/bg.png,https://abs.twimg.com/images/themes/theme1/bg.png,,https://pbs.twimg.com/profile_banners/1617387102/1550777061,http://pbs.twimg.com/profile_images/1172584743612878849/oFiCaC9X_normal.jpg,https://pbs.twimg.com/profile_images/1172584743612878849/oFiCaC9X_normal.jpg,002DB3,C0DEED,DDEEF6,333333,True,,IgorWeisbrot,8719,,none,,,
,,Sat Sep 07 15:08:49 +0000 2019,,277,,,"https://t.co/4KeGj9HcBD 

#plantmedicine #plantbasedfoods #herbalmedicine #wholebodyhealth #wholefood 
 #mindandbody #spiritualjourney #mindbody #mindbodysoul #healer #spiritualgrowth #spiritualawakening #mylife #blessing #myjourney #honored #ilove #int‚Ä¶https://t.co/totk5hRWhL",,1170353230905143297,1170353230905143297,,,,,,,und,und,recent,,,,,,,,,,,,,,,,,,,,,,,,,,,,,,,,,,,,,,,,,,,,,,,,,,,,,,,,,,,,,,,,,,,,,,,,,,,,,"<a href=""http://www.linkedin.com/"" rel=""nofollow"">LinkedIn</a>",,,Thu Jan 22 04:08:05 +0000 2015,,,"Published Author (The Calling of my soul), Medical Medium, CM Herbal Practitioner /CM Aromatherapist, Shaman/REIKI Master Energy healer",,,,,,wholeistichealing.net,http://www.wholeistichealing.net,,23,https://t.co/3Znq9ny995,44,,272,,587,,,2991360365,2991360365,,,,8,somewhere over the Rainbow,Wholeistic Healer,,000000,http://abs.twimg.com/images/themes/theme1/bg.png,https://abs.twimg.com/images/themes/theme1/bg.png,,https://pbs.twimg.com/profile_banners/2991360365/1552674231,http://pbs.twimg.com/profile_images/806458927823122432/QpefkX9k_normal.jpg,https://pbs.twimg.com/profile_images/806458927823122432/QpefkX9k_normal.jpg,1B95E0,000000,000000,000000,,,meditativemumma,732,,none,https://t.co/3Znq9ny995,,
,,Sat Sep 07 14:45:07 +0000 2019,,219,,,*SALE ALERT* Great savings on Louise's Sugo at all Longo's locations... and they're going fast! #plantbasedfoods #nongmo #greatfood #glutenfree #realfood #local #lovelocal #ontario #sale #savings https://t.co/cxpxrTdqoI,,1170347268135780353,1170347268135780353,,,,,,,en,en,recent,,,,,,,,,,,,,,,,,,,,,,,,,,,,,,,,,,,,,,,,,,,,,,,,,,,,,,,,,,,,,,,,,,,,,,,,,,,,,"<a href=""http://www.linkedin.com/"" rel=""nofollow"">LinkedIn</a>",,,Tue Aug 16 15:56:15 +0000 2011,,,Tutto e Possibile Belief that anything is possible Our Vision is to build a place where food brings people together Louise Prete Fine Foods hopes to inspire.,,,,,,louiseprete.com,http://www.louiseprete.com,,22,http://t.co/W3tANLmzCN,137,,841,,1897,True,,356264617,356264617,,,,18,"Toronto, Canada",Louise Prete Food,,6D7B82,http://abs.twimg.com/images/themes/theme1/bg.png,https://abs.twimg.com/images/themes/theme1/bg.png,True,https://pbs.twimg.com/profile_banners/356264617/1412264772,http://pbs.twimg.com/profile_images/3109486153/02ac179503950eeb8747ec37c3fa4d2d_normal.jpeg,https://pbs.twimg.com/profile_images/3109486153/02ac179503950eeb8747ec37c3fa4d2d_normal.jpeg,3E9EDE,FFFFFF,DDEEF6,333333,True,,LouisePreteFood,1416,,none,http://t.co/W3tANLmzCN,,
